pm25,pm10,no2,aqi,age_group,health_condition,risk_level
8,15,10,12,ADULT,NONE,Low
12,22,15,18,YOUNG_ADULT,NONE,Low
5,10,8,8,ADULT,NONE,Low
10,18,12,15,ELDERLY,NONE,Low
15,25,18,22,CHILD,NONE,Low
6,12,9,10,ADULT,NONE,Low
20,35,22,30,YOUNG_ADULT,NONE,Low
18,30,20,28,ADULT,NONE,Low
9,16,11,14,ELDERLY,NONE,Low
7,13,10,11,CHILD,NONE,Low
25,40,28,38,ADULT,NONE,Moderate
30,50,32,45,YOUNG_ADULT,NONE,Moderate
35,55,35,52,ADULT,NONE,Moderate
28,45,30,42,ELDERLY,NONE,Moderate
40,65,40,58,CHILD,NONE,Moderate
22,38,25,35,ADULT,NONE,Moderate
45,70,42,62,YOUNG_ADULT,NONE,Moderate
38,60,38,55,ADULT,NONE,Moderate
32,52,33,48,ELDERLY,NONE,Moderate
27,44,29,40,CHILD,NONE,Moderate
20,35,22,30,ADULT,ASTHMA,Moderate
25,42,28,38,YOUNG_ADULT,ASTHMA,Moderate
15,28,18,24,ELDERLY,ASTHMA,High
18,32,20,28,CHILD,ASTHMA,High
12,22,14,18,ADULT,ASTHMA,Moderate
22,38,25,35,ELDERLY,HEART_DISEASE,High
28,46,30,42,ADULT,HEART_DISEASE,High
20,35,22,32,YOUNG_ADULT,HEART_DISEASE,Moderate
16,28,18,25,ADULT,HEART_DISEASE,Moderate
30,50,32,45,ELDERLY,HEART_DISEASE,High
10,18,12,15,ADULT,RESPIRATORY,Moderate
14,24,16,20,YOUNG_ADULT,RESPIRATORY,Moderate
8,14,10,12,ELDERLY,RESPIRATORY,High
20,34,22,30,CHILD,RESPIRATORY,High
25,42,28,38,ADULT,RESPIRATORY,High
15,26,18,22,ADULT,DIABETES,Low
22,38,25,35,YOUNG_ADULT,DIABETES,Moderate
18,30,20,28,ELDERLY,DIABETES,Moderate
12,20,14,18,ADULT,DIABETES,Low
28,46,30,42,ELDERLY,DIABETES,Moderate
55,85,50,75,ADULT,NONE,High
65,100,58,88,YOUNG_ADULT,NONE,High
72,110,65,95,ADULT,NONE,High
60,92,55,80,ELDERLY,NONE,High
80,125,72,105,CHILD,NONE,High
58,90,52,78,ADULT,NONE,High
68,105,60,90,YOUNG_ADULT,NONE,High
75,115,68,100,ADULT,NONE,High
62,96,56,82,ELDERLY,NONE,High
52,80,48,70,CHILD,NONE,High
45,70,42,62,ADULT,ASTHMA,High
55,85,50,75,YOUNG_ADULT,ASTHMA,High
38,60,35,55,ELDERLY,ASTHMA,Very High
42,65,38,58,CHILD,ASTHMA,Very High
50,78,46,68,ADULT,ASTHMA,High
48,75,44,65,ELDERLY,HEART_DISEASE,Very High
58,90,52,78,ADULT,HEART_DISEASE,Very High
42,65,38,58,YOUNG_ADULT,HEART_DISEASE,High
52,80,48,70,ELDERLY,HEART_DISEASE,Very High
35,55,32,50,ADULT,HEART_DISEASE,High
30,48,28,42,ADULT,RESPIRATORY,High
40,62,36,55,YOUNG_ADULT,RESPIRATORY,High
25,40,22,35,ELDERLY,RESPIRATORY,Very High
45,70,42,62,CHILD,RESPIRATORY,Very High
55,85,50,75,ADULT,RESPIRATORY,Very High
95,150,88,128,ADULT,NONE,Very High
110,170,100,145,YOUNG_ADULT,NONE,Very High
125,195,115,162,ADULT,NONE,Very High
105,163,96,138,ELDERLY,NONE,Very High
140,218,128,182,CHILD,NONE,Very High
98,152,90,130,ADULT,NONE,Very High
115,178,105,150,YOUNG_ADULT,NONE,Very High
130,202,118,168,ADULT,NONE,Very High
108,168,98,142,ELDERLY,NONE,Very High
92,142,84,122,CHILD,NONE,Very High
80,125,72,108,ADULT,ASTHMA,Very High
95,148,88,128,YOUNG_ADULT,ASTHMA,Very High
70,108,64,95,ELDERLY,ASTHMA,Very High
85,132,78,114,CHILD,ASTHMA,Very High
90,140,82,120,ADULT,ASTHMA,Very High
88,136,80,118,ELDERLY,HEART_DISEASE,Very High
105,163,96,140,ADULT,HEART_DISEASE,Very High
78,120,72,105,YOUNG_ADULT,HEART_DISEASE,Very High
115,178,105,152,ELDERLY,HEART_DISEASE,Very High
68,105,62,92,ADULT,HEART_DISEASE,Very High
75,116,68,102,ADULT,RESPIRATORY,Very High
90,140,82,120,YOUNG_ADULT,RESPIRATORY,Very High
62,96,56,85,ELDERLY,RESPIRATORY,Very High
100,155,92,132,CHILD,RESPIRATORY,Very High
120,186,110,158,ADULT,RESPIRATORY,Very High
82,128,75,110,ADULT,DIABETES,Very High
96,150,88,130,YOUNG_ADULT,DIABETES,Very High
72,112,66,98,ELDERLY,DIABETES,Very High
108,168,98,145,ADULT,DIABETES,Very High
88,136,80,118,ELDERLY,DIABETES,Very High
42,65,38,58,CHILD,NONE,Moderate
48,75,44,65,YOUNG_ADULT,NONE,Moderate
35,55,32,50,ADULT,NONE,Moderate
52,80,48,70,ELDERLY,NONE,Moderate
38,60,35,52,CHILD,NONE,Moderate
28,45,25,40,ADULT,ASTHMA,High
35,55,32,50,YOUNG_ADULT,ASTHMA,High
22,35,20,32,ELDERLY,ASTHMA,High
30,48,28,42,CHILD,ASTHMA,High
25,40,22,36,ADULT,ASTHMA,High
32,50,28,45,ADULT,HEART_DISEASE,High
38,60,35,55,YOUNG_ADULT,HEART_DISEASE,High
25,40,22,35,ELDERLY,HEART_DISEASE,Very High
42,65,38,58,ADULT,HEART_DISEASE,High
18,28,16,25,ADULT,HEART_DISEASE,Moderate
20,32,18,28,ADULT,RESPIRATORY,High
28,44,25,40,YOUNG_ADULT,RESPIRATORY,High
15,24,14,20,ELDERLY,RESPIRATORY,High
35,55,32,50,CHILD,RESPIRATORY,High
22,35,20,30,ADULT,RESPIRATORY,High